delivered_late,avg_review,orders_count
False,4.293736817766549,89142
True,2.5664935064935066,7865
